
{
  "header": {
    "reportVersion": 1,
    "event": "Allocation failed - JavaScript heap out of memory",
    "trigger": "FatalError",
    "filename": "report.20191208.022858.301900.0.001.json",
    "dumpEventTime": "2019-12-08T02:28:58Z",
    "dumpEventTimeStamp": "1575739738116",
    "processId": 301900,
    "cwd": "C:\\projects\\rtls-server",
    "commandLine": [
      "node",
      "C:\\Users\\User\\AppData\\Roaming\\npm\\node_modules\\pm2\\lib\\Daemon.js"
    ],
    "nodejsVersion": "v12.13.0",
    "wordSize": 64,
    "arch": "x64",
    "platform": "win32",
    "componentVersions": {
      "node": "12.13.0",
      "v8": "7.7.299.13-node.12",
      "uv": "1.32.0",
      "zlib": "1.2.11",
      "brotli": "1.0.7",
      "ares": "1.15.0",
      "modules": "72",
      "nghttp2": "1.39.2",
      "napi": "5",
      "llhttp": "1.1.4",
      "http_parser": "2.8.0",
      "openssl": "1.1.1d",
      "cldr": "35.1",
      "icu": "64.2",
      "tz": "2019a",
      "unicode": "12.1"
    },
    "release": {
      "name": "node",
      "lts": "Erbium",
      "headersUrl": "https://nodejs.org/download/release/v12.13.0/node-v12.13.0-headers.tar.gz",
      "sourceUrl": "https://nodejs.org/download/release/v12.13.0/node-v12.13.0.tar.gz",
      "libUrl": "https://nodejs.org/download/release/v12.13.0/win-x64/node.lib"
    },
    "osName": "Windows_NT",
    "osRelease": "10.0.18362",
    "osVersion": "Windows 10 Pro",
    "osMachine": "x86_64",
    "cpus": [
      {
        "model": "Intel(R) Core(TM) i7-7700K CPU @ 4.20GHz",
        "speed": 4200,
        "user": 20077359,
        "nice": 0,
        "sys": 82081593,
        "idle": 360693828,
        "irq": 5558609
      },
      {
        "model": "Intel(R) Core(TM) i7-7700K CPU @ 4.20GHz",
        "speed": 4200,
        "user": 16593406,
        "nice": 0,
        "sys": 76602015,
        "idle": 369657046,
        "irq": 356687
      },
      {
        "model": "Intel(R) Core(TM) i7-7700K CPU @ 4.20GHz",
        "speed": 4200,
        "user": 19828843,
        "nice": 0,
        "sys": 105564484,
        "idle": 337459140,
        "irq": 316234
      },
      {
        "model": "Intel(R) Core(TM) i7-7700K CPU @ 4.20GHz",
        "speed": 4200,
        "user": 17902859,
        "nice": 0,
        "sys": 124397875,
        "idle": 320551734,
        "irq": 275640
      },
      {
        "model": "Intel(R) Core(TM) i7-7700K CPU @ 4.20GHz",
        "speed": 4200,
        "user": 22035468,
        "nice": 0,
        "sys": 52976359,
        "idle": 387840625,
        "irq": 536640
      },
      {
        "model": "Intel(R) Core(TM) i7-7700K CPU @ 4.20GHz",
        "speed": 4200,
        "user": 12692406,
        "nice": 0,
        "sys": 51018406,
        "idle": 399141640,
        "irq": 242234
      },
      {
        "model": "Intel(R) Core(TM) i7-7700K CPU @ 4.20GHz",
        "speed": 4200,
        "user": 18975656,
        "nice": 0,
        "sys": 84116640,
        "idle": 359760156,
        "irq": 400281
      },
      {
        "model": "Intel(R) Core(TM) i7-7700K CPU @ 4.20GHz",
        "speed": 4200,
        "user": 13298000,
        "nice": 0,
        "sys": 105331546,
        "idle": 344222906,
        "irq": 130046
      }
    ],
    "networkInterfaces": [
      {
        "name": "vEthernet (Default Switch)",
        "internal": false,
        "mac": "00:15:5d:1e:b8:69",
        "address": "fe80::b5ab:850e:dcd6:f7d1",
        "netmask": "ffff:ffff:ffff:ffff::",
        "family": "IPv6",
        "scopeid": 10
      },
      {
        "name": "vEthernet (Default Switch)",
        "internal": false,
        "mac": "00:15:5d:1e:b8:69",
        "address": "192.168.76.33",
        "netmask": "255.255.255.240",
        "family": "IPv4"
      },
      {
        "name": "이더넷",
        "internal": false,
        "mac": "14:b3:1f:13:45:74",
        "address": "fe80::6031:97c3:bf64:444e",
        "netmask": "ffff:ffff:ffff:ffff::",
        "family": "IPv6",
        "scopeid": 2
      },
      {
        "name": "이더넷",
        "internal": false,
        "mac": "14:b3:1f:13:45:74",
        "address": "203.254.173.111",
        "netmask": "255.255.255.0",
        "family": "IPv4"
      },
      {
        "name": "Loopback Pseudo-Interface 1",
        "internal": true,
        "mac": "00:00:00:00:00:00",
        "address": "::1",
        "netmask": "ffff:ffff:ffff:ffff:ffff:ffff:ffff:ffff",
        "family": "IPv6",
        "scopeid": 0
      },
      {
        "name": "Loopback Pseudo-Interface 1",
        "internal": true,
        "mac": "00:00:00:00:00:00",
        "address": "127.0.0.1",
        "netmask": "255.0.0.0",
        "family": "IPv4"
      }
    ],
    "host": "DESKTOP-LJ0F72R"
  },
  "javascriptStack": {
    "message": "No stack.",
    "stack": [
      "Unavailable."
    ]
  },
  "nativeStack": [
    {
      "pc": "0x00007ff69cea1389",
      "symbol": ""
    },
    {
      "pc": "0x00007ff69cea57cc",
      "symbol": ""
    },
    {
      "pc": "0x00007ff69cea4778",
      "symbol": ""
    },
    {
      "pc": "0x00007ff69cf9332b",
      "symbol": ""
    },
    {
      "pc": "0x00007ff69d796f4e",
      "symbol": ""
    },
    {
      "pc": "0x00007ff69d77ef91",
      "symbol": ""
    },
    {
      "pc": "0x00007ff69d64c85c",
      "symbol": ""
    },
    {
      "pc": "0x00007ff69d654961",
      "symbol": ""
    },
    {
      "pc": "0x00007ff69d649fc3",
      "symbol": ""
    },
    {
      "pc": "0x00007ff69d648794",
      "symbol": ""
    },
    {
      "pc": "0x00007ff69d669a65",
      "symbol": ""
    },
    {
      "pc": "0x00007ff69d3d6239",
      "symbol": ""
    },
    {
      "pc": "0x00007ff69dbc2c6d",
      "symbol": ""
    },
    {
      "pc": "0x00007ff69db68721",
      "symbol": ""
    },
    {
      "pc": "0x00007ff69dbe88e3",
      "symbol": ""
    },
    {
      "pc": "0x000000c434696add",
      "symbol": ""
    }
  ],
  "javascriptHeap": {
    "totalMemory": 16924672,
    "totalCommittedMemory": 16924672,
    "usedMemory": 13371696,
    "availableMemory": 2185183576,
    "memoryLimit": 2197815296,
    "heapSpaces": {
      "read_only_space": {
        "memorySize": 262144,
        "committedMemory": 262144,
        "capacity": 261872,
        "used": 32296,
        "available": 229576
      },
      "new_space": {
        "memorySize": 1048576,
        "committedMemory": 1048576,
        "capacity": 1047488,
        "used": 1047472,
        "available": 16
      },
      "old_space": {
        "memorySize": 12693504,
        "committedMemory": 12693504,
        "capacity": 12649040,
        "used": 10207504,
        "available": 2441536
      },
      "code_space": {
        "memorySize": 1212416,
        "committedMemory": 1212416,
        "capacity": 1009632,
        "used": 775616,
        "available": 234016
      },
      "map_space": {
        "memorySize": 790528,
        "committedMemory": 790528,
        "capacity": 789440,
        "used": 449120,
        "available": 340320
      },
      "large_object_space": {
        "memorySize": 868352,
        "committedMemory": 868352,
        "capacity": 856136,
        "used": 856136,
        "available": 0
      },
      "code_large_object_space": {
        "memorySize": 49152,
        "committedMemory": 49152,
        "capacity": 3552,
        "used": 3552,
        "available": 0
      },
      "new_large_object_space": {
        "memorySize": 0,
        "committedMemory": 0,
        "capacity": 1047488,
        "used": 0,
        "available": 1047488
      }
    }
  },
  "resourceUsage": {
    "userCpuSeconds": 89.609,
    "kernelCpuSeconds": 2769.2,
    "cpuConsumptionPercent": 1.37752,
    "maxRss": 41218048,
    "pageFaults": {
      "IORequired": 2002885,
      "IONotRequired": 0
    },
    "fsActivity": {
      "reads": 1799031,
      "writes": 30706
    }
  },
  "libuv": [
  ],
  "environmentVariables": {
    "ALLUSERSPROFILE": "C:\\ProgramData",
    "ANSICON": "122x1000 (122x69)",
    "ANSICON_DEF": "7",
    "APPDATA": "C:\\Users\\User\\AppData\\Roaming",
    "CommonProgramFiles": "C:\\Program Files\\Common Files",
    "CommonProgramFiles(x86)": "C:\\Program Files (x86)\\Common Files",
    "CommonProgramW6432": "C:\\Program Files\\Common Files",
    "COMPUTERNAME": "DESKTOP-LJ0F72R",
    "ComSpec": "C:\\WINDOWS\\system32\\cmd.exe",
    "ConEmuANSI": "ON",
    "ConEmuAnsiLog": "",
    "ConEmuArgs": "",
    "ConEmuArgs2": "",
    "ConEmuBackHWND": "0x00380E04",
    "ConEmuBaseDir": "C:\\Program Files\\ConEmu\\ConEmu",
    "ConEmuBuild": "161206",
    "ConEmuConfig": "",
    "ConEmuDir": "C:\\Program Files\\ConEmu",
    "ConEmuDrawHWND": "0x000B0A20",
    "ConEmuDrive": "C:",
    "ConEmuHooks": "Enabled",
    "ConEmuHWND": "0x00100D40",
    "ConEmuPalette": "<Monokai>",
    "ConEmuPID": "60132",
    "ConEmuPrompt0": "$E[m$E[32m$E]9;8;\"USERNAME\"$E\\@$E]9;8;\"COMPUTERNAME\"$E\\$S",
    "ConEmuPrompt1": "$E[m$E[32m$E]9;8;\"USERNAME\"$E\\@$E]9;8;\"COMPUTERNAME\"$E\\$S$E[92m$P$E[90m",
    "ConEmuPrompt2": "$_$E[90m$G",
    "ConEmuPrompt3": "$E[m$S$E]9;12$E\\",
    "ConEmuServerPID": "135236",
    "ConEmuTask": "{Shells::cmd}",
    "ConEmuWorkDir": "C:\\projects",
    "ConEmuWorkDrive": "C:",
    "DriverData": "C:\\Windows\\System32\\Drivers\\DriverData",
    "FPS_BROWSER_APP_PROFILE_STRING": "Internet Explorer",
    "FPS_BROWSER_USER_PROFILE_STRING": "Default",
    "GDAL_DATA": "C:\\Program Files\\PostgreSQL\\10\\gdal-data",
    "GOPATH": "C:\\go-work",
    "GYP_MSVS_VERSION": "2015",
    "HADOOP_HOME": "C:\\hadoop",
    "HOME": "C:\\projects",
    "HOMEDRIVE": "C:",
    "HOMEPATH": "\\Users\\User",
    "IntelliJ IDEA Community Edition": "C:\\Program Files\\JetBrains\\IntelliJ IDEA Community Edition 2019.1.1\\bin;",
    "JAVA_HOME": "C:\\Program Files\\Java\\jdk1.8.0_171",
    "LOCALAPPDATA": "C:\\Users\\User\\AppData\\Local",
    "LOGONSERVER": "\\\\DESKTOP-LJ0F72R",
    "MOSQUITTO_DIR": "C:\\Program Files (x86)\\mosquitto",
    "NUMBER_OF_PROCESSORS": "8",
    "OneDrive": "C:\\Users\\User\\OneDrive",
    "OneDriveConsumer": "C:\\Users\\User\\OneDrive",
    "OPENSSL_CONF": "C:\\OpenSSL-Win64\\bin\\openssl.cfg",
    "OS": "Windows_NT",
    "Path": "C:\\Program Files\\ConEmu\\ConEmu\\Scripts;C:\\Program Files\\ConEmu;C:\\Program Files\\ConEmu\\ConEmu;C:\\Program Files (x86)\\Common Files\\Oracle\\Java\\javapath;C:\\Windows\\system32;C:\\Windows;C:\\Windows\\System32\\Wbem;C:\\Windows\\System32\\WindowsPowerShell\\v1.0\\;C:\\Program Files (x86)\\NVIDIA Corporation\\PhysX\\Common;C:\\Program Files\\Git\\cmd;C:\\WINDOWS\\system32;C:\\WINDOWS;C:\\WINDOWS\\System32\\Wbem;C:\\WINDOWS\\System32\\WindowsPowerShell\\v1.0\\;C:\\WINDOWS\\System32\\OpenSSH\\;C:\\Program Files\\PostgreSQL\\10\\bin;C:\\Program Files (x86)\\Windows Kits\\8.1\\Windows Performance Toolkit\\;C:\\Program Files\\MySQL\\MySQL Utilities 1.6\\;C:\\Program Files\\Microsoft VS Code\\bin;C:\\Program Files\\Microsoft\\Web Platform Installer\\;C:\\Program Files (x86)\\sbt\\bin;C:\\Program Files (x86)\\scala\\bin;C:\\hadoop\\bin;C:\\Spark\\bin;C:\\Program Files\\Java\\jdk1.8.0_171\\bin;C:\\Program Files (x86)\\Intel\\Intel(R) Management Engine Components\\DAL;C:\\Program Files\\Intel\\Intel(R) Management Engine Components\\DAL;C:\\Program Files\\Intel\\WiFi\\bin\\;C:\\Program Files\\Common Files\\Intel\\WirelessCommon\\;C:\\Program Files\\nodejs\\;C:\\Ruby25-x64\\bin;C:\\Users\\User\\AppData\\Local\\Microsoft\\WindowsApps;C:\\Program Files\\Microsoft VS Code\\bin;C:\\Users\\User\\AppData\\Local\\atom\\bin;C:\\Users\\User\\AppData\\Local\\Microsoft\\WindowsApps;C:\\Users\\User\\AppData\\Local\\Programs\\Microsoft VS Code\\bin;C:\\Program Files\\Bandizip\\;C:\\Apache24\\bin;C:\\php-5.6.38;C:\\influxDB\\influxdb-1.7.1-1;;C:\\Program Files\\JetBrains\\IntelliJ IDEA Community Edition 2019.1.1\\bin;;C:\\Users\\User\\AppData\\Roaming\\npm",
    "PATHEXT": ".COM;.EXE;.BAT;.CMD;.VBS;.VBE;.JSE;.WSF;.WSH;.MSC;.RB;.RBW",
    "PM2_HOME": "C:\\projects\\.pm2",
    "PM2_USAGE": "CLI",
    "POSTGIS_ENABLE_OUTDB_RASTERS": "1",
    "POSTGIS_GDAL_ENABLED_DRIVERS": "GTiff PNG JPEG GIF XYZ DTED USGSDEM AAIGrid",
    "PROCESSOR_ARCHITECTURE": "AMD64",
    "PROCESSOR_IDENTIFIER": "Intel64 Family 6 Model 158 Stepping 9, GenuineIntel",
    "PROCESSOR_LEVEL": "6",
    "PROCESSOR_REVISION": "9e09",
    "ProgramData": "C:\\ProgramData",
    "ProgramFiles": "C:\\Program Files",
    "ProgramFiles(x86)": "C:\\Program Files (x86)",
    "ProgramW6432": "C:\\Program Files",
    "PROMPT": "$E[m$E[32m$E]9;8;\"USERNAME\"$E\\@$E]9;8;\"COMPUTERNAME\"$E\\$S$E[92m$P$E[90m$_$E[90m$G$E[m$S$E]9;12$E\\",
    "PSModulePath": "C:\\Program Files\\WindowsPowerShell\\Modules;C:\\WINDOWS\\system32\\WindowsPowerShell\\v1.0\\Modules",
    "PUBLIC": "C:\\Users\\Public",
    "SBT_HOME": "C:\\Program Files (x86)\\sbt\\",
    "SESSIONNAME": "Console",
    "SILENT": "true",
    "SPARK_HOME": "C:\\Spark",
    "SystemDrive": "C:",
    "SystemRoot": "C:\\WINDOWS",
    "TEMP": "C:\\Users\\User\\AppData\\Local\\Temp",
    "TMP": "C:\\Users\\User\\AppData\\Local\\Temp",
    "USERDOMAIN": "DESKTOP-LJ0F72R",
    "USERDOMAIN_ROAMINGPROFILE": "DESKTOP-LJ0F72R",
    "USERNAME": "User",
    "USERPROFILE": "C:\\Users\\User",
    "VS140COMNTOOLS": "C:\\Program Files (x86)\\Microsoft Visual Studio 14.0\\Common7\\Tools\\",
    "windir": "C:\\WINDOWS"
  },
  "sharedObjects": [
    "C:\\Program Files\\nodejs\\node.exe",
    "C:\\WINDOWS\\SYSTEM32\\ntdll.dll",
    "C:\\WINDOWS\\System32\\KERNEL32.DLL",
    "C:\\WINDOWS\\System32\\KERNELBASE.dll",
    "C:\\WINDOWS\\System32\\WS2_32.dll",
    "C:\\WINDOWS\\System32\\RPCRT4.dll",
    "C:\\WINDOWS\\System32\\ADVAPI32.dll",
    "C:\\WINDOWS\\System32\\msvcrt.dll",
    "C:\\WINDOWS\\System32\\sechost.dll",
    "C:\\WINDOWS\\System32\\USER32.dll",
    "C:\\WINDOWS\\SYSTEM32\\dbghelp.dll",
    "C:\\WINDOWS\\System32\\win32u.dll",
    "C:\\WINDOWS\\System32\\GDI32.dll",
    "C:\\WINDOWS\\System32\\ucrtbase.dll",
    "C:\\WINDOWS\\System32\\gdi32full.dll",
    "C:\\WINDOWS\\System32\\msvcp_win.dll",
    "C:\\WINDOWS\\System32\\PSAPI.DLL",
    "C:\\WINDOWS\\System32\\CRYPT32.dll",
    "C:\\WINDOWS\\System32\\MSASN1.dll",
    "C:\\WINDOWS\\System32\\bcrypt.dll",
    "C:\\WINDOWS\\SYSTEM32\\USERENV.dll",
    "C:\\WINDOWS\\System32\\profapi.dll",
    "C:\\WINDOWS\\SYSTEM32\\IPHLPAPI.DLL",
    "C:\\WINDOWS\\SYSTEM32\\WINMM.dll",
    "C:\\WINDOWS\\SYSTEM32\\winmmbase.dll",
    "C:\\WINDOWS\\System32\\cfgmgr32.dll",
    "C:\\WINDOWS\\System32\\bcryptPrimitives.dll",
    "C:\\WINDOWS\\System32\\IMM32.DLL",
    "C:\\WINDOWS\\System32\\powrprof.dll",
    "C:\\WINDOWS\\System32\\UMPDC.dll",
    "C:\\WINDOWS\\system32\\uxtheme.dll",
    "C:\\WINDOWS\\System32\\combase.dll",
    "C:\\WINDOWS\\system32\\mswsock.dll",
    "C:\\WINDOWS\\System32\\kernel.appcore.dll",
    "C:\\WINDOWS\\System32\\perfos.dll",
    "C:\\WINDOWS\\system32\\apphelp.dll",
    "C:\\WINDOWS\\System32\\NSI.dll",
    "C:\\WINDOWS\\SYSTEM32\\dhcpcsvc6.DLL",
    "C:\\WINDOWS\\SYSTEM32\\dhcpcsvc.DLL",
    "C:\\WINDOWS\\SYSTEM32\\DNSAPI.dll",
    "C:\\WINDOWS\\system32\\napinsp.dll",
    "C:\\WINDOWS\\system32\\pnrpnsp.dll",
    "C:\\WINDOWS\\System32\\winrnr.dll",
    "C:\\WINDOWS\\system32\\NLAapi.dll",
    "C:\\WINDOWS\\system32\\wshbth.dll"
  ]
}